{"cameraMode":{"drawMode":0,"name":"Shaded","section":"Shading Mode"},"sceneLighting":true,"audioPlay":false,"sceneViewState":{"m_AlwaysRefresh":false,"showFog":true,"showSkybox":true,"showFlares":true,"showImageEffects":true,"showParticleSystems":true,"showVisualEffectGraphs":true,"m_FxEnabled":true},"in2DMode":false,"pivot":{"x":2.5960891246795656,"y":1.0236399173736573,"z":-1.222794771194458},"rotation":{"x":-0.054645027965307239,"y":0.9430174827575684,"z":-0.1953938901424408,"w":-0.2637300193309784},"size":10.401702880859375,"orthographic":false}